,Website
0,walmart.com
1,amazon.com
2,apple.com
3,cvshealth.com
4,unitedhealthgroup.com
5,corporate.exxonmobil.com
6,berkshirehathaway.com
7,abc.xyz
8,mckesson.com
9,amerisourcebergen.com
10,costco.com
11,cigna.com
12,att.com
13,microsoft.com
14,cardinalhealth.com
15,chevron.com
16,homedepot.com
17,walgreensbootsalliance.com
18,marathonpetroleum.com
19,elevancehealth.com
20,kroger.com
21,ford.com
22,verizon.com
23,jpmorganchase.com
24,gm.com
25,centene.com
26,about.facebook.com
27,corporate.comcast.com
28,phillips66.com
29,valero.com
30,dell.com
31,target.com
32,fanniemae.com
33,ups.com
34,lowes.com
35,bankofamerica.com
36,jnj.com
37,adm.com
38,fedex.com
39,humana.com
40,wellsfargo.com
41,statefarm.com
42,pfizer.com
43,citigroup.com
44,pepsico.com
45,intel.com
46,pg.co.uk
47,ge.com
48,ibm.com
49,metlife.com
50,prudential.com
51,albertsons.com
52,thewaltdisneycompany.com
53,energytransfer.com
54,lockheedmartin.com
55,freddiemac.com
56,goldmansachs.com
57,rtx.com
58,hp.com
59,boeing.com
60,morganstanley.com
61,hcahealthcare.com
62,abbvie.com
63,dow.com
64,tesla.com
65,allstate.com
66,aig.com
67,bestbuy.com
68,corporate.charter.com
69,sysco.com
70,merck.com
71,newyorklife.com
72,caterpillar.com
73,cisco.com
74,tjx.com
75,publix.com
76,conocophillips.com
77,libertymutualgroup.com
78,progressive.com
79,nationwide.com
80,tysonfoods.com
81,bms.com
82,nike.com
83,deere.com
84,americanexpress.com
85,abbott.com
86,stonex.com
87,plains.com
88,enterpriseproducts.com
89,tiaa.org
90,oracle.com
91,thermofisher.com
92,coca-colacompany.com
93,gd.com
94,chsinc.com
95,usaa.com
96,northwesternmutual.com
97,nucor.com
98,exeloncorp.com
99,massmutual.com
100,northropgrumman.com
101,3m.com
102,travelers.com
103,arrow.com
104,honeywell.com
105,dollargeneral.com
106,qualcomm.com
107,capitalone.com
108,tdsynnex.com
109,pmi.com
110,wfscorp.com
111,pfgc.com
112,delta.com
113,aa.com
114,netflix.com
115,paramount.com
116,usfoods.com
117,danaher.com
118,jabil.com
119,starbucks.com
120,mondelezinternational.com
121,lilly.com
122,hpe.com
123,drhorton.com
124,molinahealthcare.com
125,cbre.com
126,micron.com
127,broadcom.com
128,gilead.com
129,pbfenergy.com
130,lennar.com
131,unfi.com
132,nrg.com
133,nvidia.com
134,oxy.com
135,salesforce.com
136,dollartree.com
137,kkr.com
138,kraftheinzcompany.com
139,amgen.com
140,autonation.com
141,penskeautomotive.com
142,paypal.com
143,macys.com
144,duke-energy.com
145,ir.united.com
146,visa.com
147,riteaid.com
148,cummins.com
149,usbank.com
150,paccar.com
151,mcdonalds.com
152,southernrailway.com
153,chrobinson.com
154,truist.com
155,appliedmaterials.com
156,fcx.com
157,lithia.com
158,blackstone.com
159,thehartford.com
160,aflac.com
161,whirlpoolindia.com
162,up.com
163,internationalpaper.com
164,altria.com
165,cdw.com
166,manpowergroup.com
167,pgecorp.com
168,corporate.carrier.com
169,bakerhughes.com
170,clevelandcliffs.com
171,ussteel.com
172,bd.com
173,carmax.com
174,sherwin-williams.com
175,bldr.com
176,marsh.com
177,pnc.com
178,lumen.com
179,avnet.com
180,tenethealth.com
181,kimberly-clark.com
182,kohls.com
183,blackrock.com
184,us.jll.com
185,lear.com
186,lincolnfinancial.com
187,schwab.com
188,rossstores.com
189,mastercard.us
190,genpt.com
191,westrock.com
192,eogresources.com
193,cognizant.com
194,modernatx.com
195,stld.steeldynamics.com
196,hfsinclair.com
197,ti.com
198,emerson.com
199,wesco.com
200,generalmills.com
201,tenneco.com
202,gwcnweb.org
203,viatris.com
204,dish.com
205,l3harris.com
206,dxc.com
207,block.xyz
208,goodyear.com
209,uber.com
210,colgatepalmolive.com
211,stanleyblackanddecker.com
212,dupont.com
213,stryker.com
214,nexteraenergy.com
215,targaresources.com
216,westerndigital.com
217,ppg.com
218,aep.com
219,gap.com
220,bjs.com
221,rgare.com
222,kindermorgan.com
223,oneok.com
224,expeditors.com
225,amd.com
226,fiserv.com
227,elcompanies.com
228,bnymellon.com
229,labcorp.com
230,regeneron.com
231,landolakesinc.com
232,cheniere.com
233,southwest.com
234,adobe.com
235,synchrony.com
236,corteva.com
237,fnf.com
238,newlook.dteenergy.com
239,murphyusa.com
240,halliburton.com
241,adp.com
242,edison.com
243,borgwarner.com
244,nordstrom.com
245,loews.com
246,guardianlife.com
247,pxd.com
248,autozone.com
249,lamresearch.com
250,amfam.com
251,itw.com
252,parker.com
253,otis.com
254,omnicomgroup.com
255,principal.com
256,dominionenergy.com
257,kelloggs.com
258,fluor.com
259,aecom.com
260,rsac.com
261,jacobs.com
262,corning.com
263,farmers.com
264,qurateretailgroup.com
265,pacificlife.com
266,pultegroupinc.com
267,fisglobal.com
268,iqvia.com
269,marriott.com
270,berryglobal.com
271,ball.com
272,group1auto.com
273,leidos.com
274,wayfair.com
275,coned.com
276,ameriprise.com
277,my.xcelenergy.com
278,oreillyauto.com
279,globalp.com
280,discover.com
281,rocketcompanies.com
282,lkqcorp.com
283,grainger.com
284,quantaservices.com
285,crowncork.com
286,foxnews.com
287,sempra.com
288,markel.com
289,carvana.com
290,xpo.com
291,baxter.com
292,ecolab.com
293,tractorsupply.com
294,andersonsinc.com
295,keurigdrpepper.com
296,uhs.com
297,csx.com
298,henryschein.com
299,sonicautomotive.com
300,ebay.com
301,textron.com
302,edwardjones.com
303,chs.net
304,mosaicco.com
305,thorindustries.com
306,dickssportinggoods.com
307,newmont.com
308,devonenergy.com
309,wbd.com
310,jbhunt.com
311,alcoa.com
312,kiewit.com
313,aramark.com
314,vistra.com
315,statestreet.com
316,unum.com
317,alleghany.com
318,bostonscientific.com
319,westlake.com
320,entergy.com
321,iff.com
322,davita.com
323,mutualofomaha.com
324,assurant.com
325,libertymedia.com
326,hormelfoods.com
327,ielp.com
328,republicservices.com
329,mohawkind.com
330,conagrabrands.com
331,nscorp.com
332,aes.com
333,agcocorp.com
334,caesars.com
335,equitableholdings.com
336,shop.advanceautoparts.com
337,biogen.com
338,auto-owners.com
339,bookingholdings.com
340,amphenol.com
341,questdiagnostics.com
342,firstenergycorp.com
343,dcpmidstream.com
344,ally.com
345,delekus.com
346,williamsf1.com
347,newellbrands.com
348,eastman.com
349,airproducts.com
350,thrivent.com
351,molsoncoors.com
352,interpublic.com
353,weyerhaeuser.com
354,alticeusa.com
355,raymondjames.com
356,emcorgroup.com
357,eversource.com
358,ir.yumchina.com
359,asburyauto.com
360,owens.edu
361,landing.pseg.com
362,unitedrentals.com
363,mgmresorts.com
364,ryder.com
365,intuit.com
366,cinfin.com
367,erieinsurance.com
368,univarsolutions.com
369,huntingtoningalls.com
370,berkley.com
371,westernsouthern.com
372,insight.com
373,newscorp.com
374,americantower.com
375,oldrepublic.com
376,burlington.com
377,avisbudgetgroup.com
378,officedepot.com
379,vfc.com
380,bedbathandbeyond.com
381,seaboardcorp.com
382,firstam.com
383,theice.com
384,pvh.com
385,apollo.com
386,jefferies.com
387,thehersheycompany.com
388,nvrinc.com
389,footlocker.com
390,dana.com
391,spartannash.com
392,olin.com
393,chewy.com
394,jackson.com
395,activisionblizzard.com
396,tollbrothers.com
397,carlyle.com
398,graybar.com
399,ovintiv.com
400,ufpi.com
401,ulta.com
402,cbrands.com
403,expediagroup.com
404,commscope.com
405,celanese.com
406,globalpayments.com
407,owenscorning.com
408,campbells.com
409,huntsman.com
410,franklinresources.com
411,averydennison.com
412,masco.com
413,centerpointenergy.com
414,53.com
415,wecenergygroup.com
416,spglobal.com
417,fmglobal.com
418,polaris.com
419,williams-sonoma.com
420,autoliv.com
421,ajg.com
422,motorolasolutions.com
423,zillowgroup.com
424,opendoor.com
425,jmsmucker.com
426,anywhere.re
427,oshkosh.com
428,mastec.com
429,gxo.com
430,apa.org
431,bc.com
432,dovercorporation.com
433,genworth.com
434,bathandbodyworks.com
435,boozallen.com
436,coinbase.com
437,zimmerbiomet.com
438,wabteccorp.com
439,zoetis.com
440,packagingcorp.com
441,lpl.com
442,troweprice.com
443,fbhs.com
444,caseys.com
445,amark.com
446,hess.com
447,vrtx.com
448,keycorpltd.com
449,chipotle.com
450,cmsenergy.com
451,arconic.com
452,taylormorrison.com
453,afginc.com
454,ugicorp.com
455,saic.com
456,avantorsciences.com
457,hanes.com
458,clorox.com
459,kbr.com
460,ta-petro.com
461,ir.hertz.com
462,analog.com
463,securian.com
464,darden.com
465,graphicpkg.com
466,ncr.com
467,brighthousefinancial.com
468,pplindia.org
469,cintas.com
470,xerox.com
471,rockwellautomation.com
472,citizensbank.com
473,kla.com
474,investor.campingworld.com
475,ingredion.com
476,veritivcorp.com
477,becn.com
478,ir.diamondbackenergy.com
479,victoriassecret.com
480,academy.com
481,sanmina.com
482,onsemi.com
483,cmc.com
484,enlink.com
485,swn.com
486,equinix.se
487,dillards.com
488,ir.regions.com
489,yum.com
490,landstar.com
491,cfindustries.com
492,northerntrust.com
493,roberthalf.com
494,compass-group.com
495,shop.hasbro.com
496,ropertech.com
497,arkocorp.com
498,frontier.com
499,ameren.com
500,google.com
501,youtube.com
502,baidu.com
503,bilibili.com
504,facebook.com
505,qq.com
506,twitter.com
507,zhihu.com
508,wikipedia.org
509,instagram.com
510,linkedin.com
511,reddit.com
512,whatsapp.com
513,openai.com
514,yahoo.com
515,bing.com
516,taobao.com
517,163.com
518,yandex.ru
519,xvideos.com
520,live.com
521,vk.com
522,zoom.us
523,github.com
524,jd.com
525,weibo.com
526,google.com.hk
527,tiktok.com
528,canva.com
529,csdn.net
530,fandom.com
531,office.com
532,t.co
533,naver.com
534,sina.com.cn
535,aliexpress.com
536,microsoftonline.com
537,yahoo.co.jp
538,xhamster.com
539,iqiyi.com
540,pinterest.com
541,mail.ru
542,douban.com
543,msn.com
544,imdb.com
545,amazon.in
546,telegram.org
547,dzen.ru
548,quora.com
549,stackoverflow.com
550,sohu.com
551,spotify.com
552,aliyun.com
553,xnxx.com
554,1688.com
555,myshopify.com
556,tmall.com
557,indeed.com
558,deepl.com
559,twimg.com
560,pixiv.net
561,feishu.cn
562,duckduckgo.com
563,amazon.co.jp
564,google.co.in
565,msn.cn
566,tencent.com
567,freepik.com
568,etsy.com
569,amazon.co.uk
570,booking.com
571,imgur.com
572,jianshu.com
573,ilovepdf.com
574,twitch.tv
575,atlassian.net
576,force.com
577,dropbox.com
578,office365.com
579,alipay.com
580,discord.com
581,namu.wiki
582,t.me
583,wordpress.com
584,nih.gov
585,tradingview.com
586,avito.ru
587,3dmgame.com
588,xiaohongshu.com
589,instructure.com
590,onlyfans.com
591,amazonaws.com
592,flipkart.com
593,hao123.com
594,alibaba.com
595,hupu.com
596,cnki.net
597,mediafire.com
598,tistory.com
599,figma.com
600,smzdm.com
601,doubleclick.net
602,youdao.com
603,52pojie.cn
604,sogou.com
605,ok.ru
606,realsrv.com
607,eastmoney.com
608,trello.com
609,google.de
610,slack.com
611,nytimes.com
612,fiverr.com
613,tumblr.com
614,notion.so
615,shopify.com
616,toutiao.com
617,bbc.com
618,okta.com
619,digikala.com
620,w3schools.com
621,medium.com
622,so.com
623,google.co.jp
624,douyin.com
625,fc2.com
626,cnn.com
627,google.co.uk
628,weather.com
629,udemy.com
630,gitee.com
631,missav.com
632,autohome.com.cn
633,amazon.it
634,quizlet.com
635,archive.org
636,speedtest.net
637,mega.nz
638,researchgate.net
639,ozon.ru
640,youku.com
641,wetransfer.com
642,vimeo.com
643,chase.com
644,rakuten.co.jp
645,binance.com
646,cnblogs.com
647,sciencedirect.com
648,115.com
649,hitomi.la
650,behance.net
651,grammarly.com
652,51cto.com
653,linktr.ee
654,upwork.com
655,fmkorea.com
656,gamersky.com
657,ali213.net
658,googlevideo.com
659,gstatic.com
660,dmm.co.jp
661,espn.com
662,shutterstock.com
663,zendesk.com
664,godaddy.com
665,ixigua.com
666,zxx.edu.cn
667,savefrom.net
668,mozilla.org
669,zillow.com
670,amazon.ca
671,yandex.com
672,amazon.fr
673,deviantart.com
674,e-hentai.org
675,indiatimes.com
676,hubspot.com
677,stripe.com
678,quillbot.com
679,uol.com.br
680,douyu.com
681,dailymail.co.uk
682,google.com.tw
683,amazon.es
684,cloudfront.net
685,google.ru
686,runoob.com
687,pexels.com
688,bytedance.net
689,yuque.com
690,ifeng.com
691,livejasmin.com
692,wildberries.ru
693,nhentai.net
694,zoho.com
695,samsung.com
696,theguardian.com
697,remove.bg
698,amazon.de
699,yts.mx
700,daum.net
701,greasyfork.org
702,sxyprn.com
703,coinmarketcap.com
704,cloudflare.com
705,eastday.com
706,y2mate.com
707,apple.com.cn
708,yiyouliao.com
709,zhipin.com
710,investing.com
711,livedoor.jp
712,gosuslugi.ru
713,shein.com
714,blogger.com
715,pixabay.com
716,qidian.com
717,roblox.com
718,chess.com
719,envato.com
720,pinimg.com
721,line.me
722,noodlemagazine.com
723,360.cn
724,google.ca
725,shopee.tw
726,tianyancha.com
727,zerodha.com
728,nicovideo.jp
729,shaparak.ir
730,coupang.com
731,zoro.to
732,myworkday.com
733,aparat.com
734,animeflv.net
735,alibaba-inc.com
736,google.com.mx
737,ya.ru
738,bbc.co.uk
739,mercadolibre.com.ar
740,crunchyroll.com
741,coursera.org
742,unsplash.com
743,v2ex.com
744,jable.tv
745,amazon.com.mx
746,jb51.net
747,soundcloud.com
748,huaban.com
749,scribd.com
750,craigslist.org
751,xxxxx520.com
752,zol.com.cn
753,steampowered.com
754,hdfcbank.com
755,pconline.com.cn
756,1337x.to
757,manatoki215.net
758,9gag.com
759,google.co.kr
760,asana.com
761,gov.uk
762,360.com
763,hotstar.com
764,nga.cn
765,wikimedia.org
766,cupfox.app
767,quark.cn
768,googleadservices.com
769,similarweb.com
770,xueqiu.com
771,blog.jp
772,chegg.com
773,myanimelist.net
774,varzesh3.com
775,dailymotion.com
776,wix.com
777,xhamsterlive.com
778,lenovo.com.cn
779,patreon.com
780,reverso.net
781,china.com
782,dingtalk.com
783,book118.com
784,kakao.com
785,myworkdayjobs.com
786,huawei.com
787,geeksforgeeks.org
788,stripchat.com
789,cambridge.org
790,docin.com
791,mi.com
792,nexon.com
793,xhamster18.desi
794,forbes.com
795,usps.com
796,wordpress.org
797,bet365.com
798,gogoanime.bid
799,kdocs.cn
800,gitlab.com
801,healthline.com
802,google.co.th
803,istockphoto.com
804,zhibo8.cc
805,torob.com
806,wiley.com
807,divar.ir
808,artstation.com
809,qcc.com
810,cctv.com
811,wowhead.com
812,360doc.com
813,lanzoug.com
814,goodreads.com
815,chinaz.com
816,ea.com
817,oraclecloud.com
818,primevideo.com
819,gofile.io
820,fast.com
821,biligame.com
822,shaggyselectmast.com
823,google.com.tr
824,office.net
825,dcinside.com
826,springer.com
827,asus.com
828,sahibinden.com
829,thisvid.com
830,erome.com
831,mangaraw.to
832,supjav.com
833,service-now.com
834,genius.com
835,npmjs.com
836,sina.cn
837,nudgeworry.com
838,dribbble.com
839,sourceforge.net
840,solemnvine.com
841,hostinger.com
842,marca.com
843,dlsite.com
844,sweepfrequencydissolved.com
845,pearson.com
846,mydrivers.com
847,onlinesbi.sbi
848,jetbrains.com
849,smartedu.cn
850,chsi.com.cn
851,javdb.com
852,globo.com
853,powerbi.com
854,mercadolibre.com.mx
855,dongchedi.com
856,google.cn
857,gamer.com.tw
858,themeforest.net
859,feignthat.com
860,aliyuncs.com
861,taboola.com
862,chapmanganato.com
863,softonic.com
864,thepaper.cn
865,oschina.net
866,wikihow.com
867,aliexpress.ru
868,trendyol.com
869,equitydefault.com
870,lanhuapp.com
871,skype.com
872,naukri.com
873,google.fr
874,messenger.com
875,yelp.com
876,gd.gov.cn
877,docker.com
878,9animetv.to
879,tokopedia.com
880,excretekings.com
881,xiaomi.com
882,icicibank.com
883,ign.com
884,wise.com
885,mheducation.com
886,4chan.org
887,chaoxing.com
888,discordapp.com
889,arxiv.org
890,for-j.com
891,naveljutmistress.com
892,dytt8.net
893,academia.edu
894,convertio.co
895,zippyshare.com
896,gumroad.com
897,178.com
898,fidelity.com
899,stackexchange.com
900,aliexpress.us
901,kinopoisk.ru
902,ampproject.org
903,archiveofourown.org
904,redd.it
905,t66y.com
906,zoukankan.com
907,shopee.co.id
908,bitbucket.org
909,atlassian.com
910,payoneer.com
911,tripadvisor.com
912,bendibao.com
913,smallpdf.com
914,accuweather.com
915,hulu.com
916,turkiye.gov.tr
917,wps.cn
918,ctfile.com
919,acfun.cn
920,steamcommunity.com
921,python.org
922,amap.com
923,tragicbeyond.com
924,bdimg.com
925,shopee.co.th
926,hbomax.com
927,irs.gov
928,google.com.sa
929,tnaflix.com
930,66law.cn
931,cdninstagram.com
932,ixxx.com
933,ouo.io
934,docomo.ne.jp
935,gamewith.jp
936,hepsiburada.com
937,miro.com
938,shopee.com.my
939,tktube.com
940,bitly.com
941,leetcode.cn
942,btnull.org
943,midjourney.com
944,box.com
945,mailchimp.com
946,trustpilot.com
947,4399.com
948,digitalocean.com
949,nextdoor.com
950,mercari.com
951,icloud.com
952,google.com.br
953,zcool.com.cn
954,rule34.xxx
955,fitgirl-repacks.site
956,woa.com
957,kuaishou.com
958,merriam-webster.com
959,alicdn.com
960,lenovo.com
961,arca.live
962,itch.io
963,seznam.cz
964,calendly.com
965,wnacg.org
966,mit.edu
967,huaweicloud.com
968,weibo.cn
969,b2clogin.com
970,tokyomotion.net
971,chinatax.gov.cn
972,codepen.io
973,cricbuzz.com
974,rutracker.org
975,namecheap.com
976,proton.me
977,europa.eu
978,eksisozluk.com
979,crjpgate.com
980,freeok.vip
981,investopedia.com
982,tapd.cn
983,harvard.edu
984,lanzoui.com
985,shimo.im
986,wiktionary.org
987,xbox.com
988,423down.com
989,gamespot.com
990,soap2day.to
991,slideshare.net
992,ptt.cc
993,webpkgcache.com
994,onet.pl
995,cnbc.com
996,wp.pl
997,gsmarena.com
998,fapello.com
999,ddys.art
1000,google.com.au
1001,jinritemai.com
1002,futbin.com
1003,ca.gov
1004,flaticon.com
1005,zhaopin.com
1006,shopee.vn
1007,bbsmax.com
1008,drctcldfa.com
1009,motherless.com
1010,xunlei.com
1011,2345.com
1012,mcmod.cn
1013,agemys.net
1014,state.gov
1015,apache.org
1016,manage.wix.com
1017,huggingface.co
1018,wsj.com
1019,mdpi.com
1020,boyfriendtv.com
1021,duolingo.com
1022,txxx.com
1023,ithome.com
1024,thesaurus.com
1025,olevod.com
1026,donmai.us
1027,agoda.com
1028,google.com.eg
1029,monday.com
1030,brave.com
1031,asurascans.com
1032,mnw.cn
1033,espncricinfo.com
1034,infobae.com
1035,poki.com
1036,11467.com
1037,canada.ca
1038,syosetu.com
1039,qualtrics.com
1040,washingtonpost.com
1041,squarespace.com
1042,bunkr.ru
1043,vnexpress.net
1044,freecodecamp.org
1045,ebay.co.uk
1046,as.com
1047,playstation.com
1048,amazon.cn
1049,360kuai.com
1050,lazada.co.th
1051,rumble.com
1052,hanime1.me
1053,moneycontrol.com
1054,nature.com
1055,5ch.net
1056,britannica.com
1057,notion.site
1058,forms.gle
1059,noonoo26.tv
1060,opensea.io
1061,51job.com
1062,storage.googleapis.com
1063,ameblo.jp
1064,dood.yt
1065,evernote.com
1066,mayoclinic.org
1067,ctrip.com
1068,hotmart.com
1069,azure.com
1070,airbnb.com
1071,cloudconvert.com
1072,ilive.cn
1073,wikiwiki.jp
1074,amazon.com.au
1075,rottentomatoes.com
1076,123pan.com
1077,reuters.com
1078,thingiverse.com
1079,raw.githubusercontent.com
1080,semrush.com
1081,ikea.com
1082,glassdoor.com
1083,anahitagirted.uno
1084,gismeteo.ru
1085,loom.com
1086,autodesk.com
1087,zxxk.com
1088,zaobao.com
1089,udn.com
1090,ieee.org
1091,6080dy2.com
1092,rt.com
1093,weiyun.com
1094,airtable.com
1095,cengage.com
1096,lenta.ru
1097,typeform.com
1098,disneyplus.com
1099,xuexi.cn
1100,ria.ru
1101,duosecurity.com
1102,tampermonkey.net
1103,hh.ru
1104,rezka.ag
1105,eroterest.net
1106,rakuten.com
1107,1fichier.com
1108,gmw.cn
1109,juejin.cn
1110,smdyy.cc
1111,9anime.to
1112,redgifs.com
1113,wattpad.com
1114,substack.com
1115,hao6v.cc
1116,hdmoli.com
1117,clickup.com
1118,redfin.com
1119,sz.gov.cn
1120,18comic.vip
1121,unity.com
1122,ahhhhfs.com
1123,windowsazure.com
1124,businessinsider.com
1125,pdfdrive.com
1126,segmentfault.com
1127,irctc.co.in
1128,9game.cn
1129,rule34video.com
1130,doorblog.jp
1131,uptodown.com
1132,docusign.com
1133,yourbestjournal.com
1134,bloomberg.com
1135,anjuke.com
1136,miyoushe.com
1137,netease.com
1138,uptobox.com
1139,auth0.com
1140,citi.com
1141,nypost.com
1142,superuser.com
1143,dafont.com
1144,epicgames.com
1145,yoojia.com
1146,xfantazy.com
1147,goo.ne.jp
1148,dogdrip.net
1149,xero.com
1150,vidhub.top
1151,ylwt33.com
1152,indiamart.com
1153,bilibili.tv
1154,snapchat.com
1155,lectortmo.com
1156,smallseotools.com
1157,pchome.com.tw
1158,ondemand.com
1159,processon.com
1160,realtor.com
1161,mgtv.com
1162,atwiki.jp
1163,rubika.ir
1164,speedtest.cn
1165,newtoki215.com
1166,court.gov.cn
1167,youjizz.com
1168,wordreference.com
1169,justwatch.com
1170,anxia.com
1171,byjus.com
1172,internetdownloadmanager.com
1173,chiphell.com
1174,fang.com
1175,jav.guru
1176,gitee.io
1177,interia.pl
1178,ezgif.com
1179,ebay.com.au
1180,google.com.ar
1181,javatpoint.com
1182,antfin.com
1183,zapier.com
1184,weebly.com
1185,liepin.com
1186,189.cn
1187,sberbank.ru
1188,getbootstrap.com
1189,iwara.tv
1190,iloveimg.com
1191,gmarket.co.kr
1192,zztongyun.com
1193,pixhost.to
1194,ebay-kleinanzeigen.de
1195,subhd.tv
1196,makeuseof.com
1197,patria.org.ve
1198,mos.ru
1199,ytimg.com
1200,amazon.ae
1201,dhl.com
1202,ximalaya.com
1203,apa.az
1204,googlesyndication.com
1205,vecteezy.com
1206,bale.ai
1207,frontiersin.org
1208,onlinedown.net
1209,basecamp.com
1210,meesho.com
1211,mat6tube.com
1212,nalog.ru
1213,docusign.net
1214,feimaoyun.com
1215,expedia.com
1216,cityheaven.net
1217,javmix.tv
1218,simpcity.su
1219,vuejs.org
1220,flickr.com
1221,shuzhiduo.com
1222,kakaku.com
1223,ke.com
1224,oxu.az
1225,teachable.com
1226,youzan.com
1227,zoominfo.com
1228,ghxi.com
1229,issuu.com
1230,tvmao.com
1231,surveymonkey.com
1232,slickdeals.net
1233,bdys01.com
1234,huatu.com
1235,livejournal.com
1236,doc88.com
1237,google.co.id
1238,hm.com
1239,xiaoman.cn
1240,tsinghua.edu.cn
1241,google.es
1242,coonandeg.xyz
1243,fmovies.to
1244,camwhores.tv
1245,emofid.com
1246,faphouse.com
1247,mangadex.org
1248,amazon.sa
1249,126.com
1250,xlivrdr.com
1251,socialmediagirls.com
1252,imagetwist.com
1253,windows.net
1254,gov.cn
1255,maigoo.com
1256,58.com
1257,pngtree.com
1258,beijing.gov.cn
1259,jotform.com
1260,dmm.com
1261,blackboard.com
1262,made-in-china.com
1263,gamerant.com
1264,lanzoux.com
1265,o8tv.com
1266,askubuntu.com
1267,sheetvibe.com
1268,pixnet.net
1269,bandcamp.com
1270,guancha.cn
1271,dreamstime.com
1272,18183.com
1273,hsforms.com
1274,streamtape.com
1275,creditkarma.com
1276,spiegel.de
1277,onelogin.com
1278,shaheed4u.work
1279,dns-shop.ru
1280,elpais.com
1281,pypi.org
1282,drctcldfafwr.com
1283,wondershare.com
1284,google.com.vn
1285,pinduoduo.com
1286,consultant.ru
1287,bankmellat.ir
1288,experimentalconcerningsuck.com
1289,wp.com
1290,10086.cn
1291,t-online.de
1292,sspai.com
1293,11st.co.kr
1294,tandfonline.com
1295,liquipedia.net
1296,payu.in
1297,leetcode.com
1298,forexfactory.com
1299,note.com
1300,ikco.ir
1301,meijutt.tv
1302,billdesk.com
1303,rambler.ru
1304,flash.cn
1305,hatenablog.com
1306,feedly.com
1307,usatoday.com
1308,sinaimg.cn
1309,yangkeduo.com
1310,manganato.com
1311,idnes.cz
1312,adobelogin.com
1313,game8.jp
1314,pikabu.ru
1315,timeanddate.com
1316,vmware.com
1317,coingecko.com
1318,17track.net
1319,prototypewailrubber.com
1320,sap.com
1321,optnx.com
1322,codecanyon.net
1323,justdial.com
1324,criteo.com
1325,ebay.de
1326,goo.gl
1327,bongacams.com
1328,avgle.com
1329,list-manage.com
1330,freelancer.com
1331,google.it
1332,td.com
1333,oup.com
1334,minecraft.net
1335,emojipedia.org
1336,sat.gob.mx
1337,online-convert.com
1338,livedoor.com
1339,rediff.com
1340,ahrefs.com
1341,sketchfab.com
1342,asos.com
1343,lichess.org
1344,xfinity.com
1345,osiextantly.com
1346,fantuanhd.com
1347,fuliba2023.net
1348,lazada.com.ph
1349,klaviyo.com
1350,huijiwiki.com
1351,redbubble.com
1352,moegirl.org.cn
1353,kahoot.it
1354,wallhaven.cc
1355,momoshop.com.tw
1356,colamanhua.com
1357,trip.com
1358,pdffiller.com
1359,battle.net
1360,visualstudio.com
1361,allegro.pl
1362,ccschy.com
1363,wjx.cn
1364,editorialmanager.com
1365,erothots.co
1366,fanbox.cc
1367,youtu.be
1368,togetter.com
1369,byted.org
1370,webmd.com
1371,4channel.org
1372,oaxyteek.net
1373,google.az
1374,detik.com
1375,hifini.com
1376,nexusmods.com
1377,eitaa.com
1378,ettoday.net
1379,khanacademy.org
1380,buzzfeed.com
1381,ustc.edu.cn
1382,doordash.com
1383,tutorialspoint.com
1384,rightmove.co.uk
1385,iau.ir
1386,activehosted.com
1387,modao.cc
1388,drom.ru
1389,ecosia.org
1390,aol.com
1391,bild.de
1392,concursolutions.com
1393,igram.io
1394,lanzouw.com
1395,taleo.net
1396,amazon.eg
1397,zsxq.com
1398,studocu.com
1399,habr.com
1400,bytedance.com
1401,novinky.cz
1402,cnet.com
1403,roudoduor.com
1404,huya.com
1405,leagueoflegends.com
1406,screenrant.com
1407,xiaoheimi.net
1408,pixlr.com
1409,teacherspayteachers.com
1410,themoviedb.org
1411,report.az
1412,bmi.ir
1413,tamin.ir
1414,czzy01.com
1415,acesso.gov.br
1416,dw.com
1417,hanime.tv
1418,eventbrite.com
1419,likecs.com
1420,shopee.ph
1421,library.lol
1422,aznude.com
1423,fazenda.gov.br
1424,google.com.ua
1425,xiumi.us
1426,teambition.com
1427,akamaized.net
1428,calculator.net
1429,booth.pm
1430,thegamer.com
1431,jjwxc.net
1432,dev.to
1433,iknight.lol
1434,nfl.com
1435,nba.com
1436,iconfont.cn
1437,yadongtube.net
1438,veed.io
1439,ibb.co
1440,lever.co
1441,sdo.com
1442,kooora.com
1443,e621.net
1444,hostinger.in
1445,tsetmc.com
1446,razorpay.com
1447,bp.blogspot.com
1448,flashscore.com
